dateissue,Value
13921228,10000.00
13930105,10033.60
13930106,9998.30
13930109,9984.40
13930110,10055.50
13930111,10141.00
13930116,10160.20
13930117,10080.10
13930118,10049.80
13930119,10120.00
13930120,10070.70
13930123,9986.70
13930124,9858.00
13930125,9756.40
13930126,9705.10
13930127,9749.50
13930130,9661.70
13930131,9721.40
13930201,9798.50
13930202,9816.50
13930203,9807.50
13930206,9968.20
13930207,10038.40
13930208,9968.20
13930209,9871.50
13930210,9865.20
13930213,9828.10
13930214,9746.00
13930215,9781.60
13930216,9765.20
13930217,9751.40
13930220,9732.70
13930221,9714.30
13930222,9742.00
13930224,9755.10
13930227,9648.80
13930228,9691.70
13930229,9694.00
13930230,9726.00
13930231,9819.50
13930303,9842.10
13930304,9792.00
13930305,9794.50
13930307,9795.10
13930310,9773.80
13930311,9655.80
13930312,9647.60
13930313,9702.70
13930317,9718.10
13930318,9703.10
13930319,9695.60
13930320,9636.10
13930321,9591.00
13930324,9476.80
13930325,9377.90
13930326,9388.70
13930327,9360.00
13930328,9417.70
13930331,9487.10
13930401,9527.20
13930402,9466.50
13930403,9398.70
13930404,9357.20
13930407,9271.00
13930408,9185.60
13930409,9099.30
13930410,9127.40
13930411,9217.00
13930414,9349.30
13930415,9334.10
13930416,9326.60
13930417,9507.20
13930418,9528.70
13930421,9504.20
13930422,9503.20
13930423,9498.20
13930424,9500.20
13930425,9549.30
13930429,9542.60
13930430,9599.20
13930431,9684.00
13930501,9743.00
13930504,9719.20
13930505,9732.20
13930506,9788.20
13930511,9760.00
13930512,9705.70
13930513,9723.70
13930514,9695.40
13930515,9701.10
13930518,9690.30
13930519,9670.00
13930520,9742.00
13930521,9741.80
13930522,9771.30
13930525,9756.70
13930526,9739.10
13930527,9778.40
13930528,9811.20
13930529,9845.20
13930601,9871.80
13930602,9864.10
13930603,9904.40
13930604,9967.10
13930605,9993.90
13930608,9927.60
13930609,9917.70
13930610,9926.00
13930611,9957.90
13930612,9967.70
13930615,9912.90
13930616,9863.80
13930617,9907.10
13930618,9897.80
13930619,9867.10
13930622,9780.60
13930623,9769.00
13930624,9818.10
13930625,9818.90
13930626,9798.40
13930629,9811.50
13930630,9889.60
13930631,9936.80
13930701,9992.70
13930702,10053.00
13930705,10023.60
13930706,10063.00
13930707,10093.00
13930708,10145.90
13930709,10155.30
13930712,10172.30
13930714,10216.50
13930715,10213.20
13930716,10243.20
13930719,10305.30
13930720,10330.10
13930722,10412.50
13930723,10446.30
13930726,10467.00
13930727,10564.90
13930728,10793.70
13930729,10779.20
13930730,10731.10
13930803,10736.50
13930804,10695.70
13930805,10745.30
13930806,10762.20
13930807,10878.20
13930810,11023.50
13930811,11041.70
13930814,11162.00
13930817,11214.10
13930818,11271.50
13930819,11318.10
13930820,11399.70
13930821,11473.60
13930824,11405.80
13930825,11456.80
13930826,11524.80
13930827,11460.50
13930828,11427.60
13930901,11418.10
13930902,11502.50
13930903,11624.50
13930904,11438.20
13930905,11403.40
13930908,11418.60
13930909,11250.70
13930910,11157.20
13930911,11150.80
13930912,11086.20
13930915,11017.90
13930916,10904.30
13930917,10935.80
13930918,10928.80
13930919,10877.00
13930923,10756.40
13930924,10616.10
13930925,10629.40
13930926,10561.40
13930929,10596.50
13931001,10740.70
13931003,10754.10
13931006,10685.40
13931007,10738.30
13931008,10709.90
13931009,10717.80
13931010,10679.90
13931013,10661.80
13931014,10659.90
13931015,10560.80
13931016,10400.20
13931017,10308.70
13931020,10169.90
13931021,10034.20
13931022,10150.40
13931023,10132.70
13931024,10093.20
13931027,10128.40
13931028,10045.00
13931029,9952.10
13931030,9908.40
13931101,9803.00
13931104,9742.80
13931105,9747.40
13931106,9704.60
13931107,9706.90
13931108,9784.10
13931111,9903.90
13931112,9915.20
13931113,9922.50
13931114,9958.40
13931115,10036.60
13931118,10088.60
13931119,10028.10
13931120,9923.80
13931121,9877.20
13931125,9912.40
13931126,9894.50
13931127,9932.30
13931128,9941.50
13931129,9934.20
13931202,9965.40
13931203,9936.30
13931204,9908.00
13931205,9893.40
13931206,9815.10
13931209,9794.40
13931210,9811.40
13931211,9825.70
13931212,9806.20
13931213,9828.90
13931216,9818.80
13931217,9799.70
13931218,9791.70
13931219,9729.50
13931220,9730.10
13931223,9810.90
13931224,9878.60
13931225,9855.60
13931226,9743.80
13931227,9861.50
13940105,9884.40
13940108,9980.20
13940109,10146.80
13940110,10078.60
13940111,10081.20
13940115,10297.00
13940116,10559.70
13940117,10527.30
13940118,10434.60
13940119,10452.60
13940122,10371.00
13940123,10238.00
13940124,10186.20
13940125,10227.40
13940126,10227.70
13940129,10205.70
13940130,10218.40
13940131,10169.20
13940201,10154.40
13940202,10159.90
13940205,10156.70
13940206,10154.30
13940207,10095.90
13940208,10094.20
13940209,10084.20
13940213,10030.10
13940214,9943.80
13940215,9921.30
13940216,9925.00
13940219,9874.80
13940220,9803.30
13940221,9862.80
13940222,9897.50
13940223,9901.20
13940227,9873.70
13940228,9873.00
13940229,9906.60
13940230,9924.30
13940302,9886.80
13940303,9889.50
13940304,9894.70
13940305,9878.00
13940306,9861.00
13940309,9854.70
13940310,9854.50
13940311,9871.20
13940312,9907.60
13940316,9908.80
13940317,9863.60
13940318,9777.10
13940319,9676.10
13940320,9653.80
13940323,9705.90
13940324,9721.10
13940325,9671.60
13940326,9688.00
13940327,9802.90
13940330,9774.30
13940331,9766.10
13940401,9827.30
13940402,9894.80
13940403,9892.10
13940406,9884.50
13940407,9815.30
13940408,9826.70
13940409,9923.60
13940410,9915.30
13940413,10015.50
13940414,10022.40
13940415,10086.80
13940416,10207.30
13940420,10228.10
13940421,10340.20
13940422,10552.80
13940423,10606.10
13940424,10509.50
13940428,10509.50
13940429,10427.60
13940430,10416.80
13940431,10353.80
13940503,10252.30
13940504,10241.70
13940505,10182.90
13940506,10207.10
13940507,10248.60
13940510,10259.50
13940511,10228.30
13940512,10229.10
13940513,10216.80
13940514,10230.30
13940517,10177.30
13940518,10172.60
13940519,10166.90
13940521,10114.60
13940524,10075.90
13940525,10070.20
13940526,10040.60
13940527,9991.30
13940528,9984.60
13940531,9991.50
13940601,9944.10
13940602,9919.90
13940603,9836.60
13940604,9816.60
13940607,9857.40
13940608,9857.10
13940609,9840.90
13940610,9846.80
13940611,9851.50
13940614,9904.30
13940615,9906.10
13940616,9909.80
13940617,9927.60
13940618,9921.90
13940621,9892.90
13940622,9813.40
13940623,9809.70
13940624,9748.00
13940625,9729.30
13940628,9715.20
13940629,9599.90
13940630,9518.20
13940631,9549.00
13940701,9585.70
13940704,9577.40
13940705,9583.40
13940706,9605.40
13940707,9604.80
13940708,9573.80
13940711,9504.70
13940712,9475.60
13940713,9489.80
13940714,9451.30
13940715,9466.80
13940718,9457.00
13940719,9456.00
13940720,9495.00
13940721,9545.80
13940722,9625.70
13940725,9739.80
13940726,9766.00
13940727,9733.90
13940728,9713.10
13940729,9690.30
13940803,9643.10
13940804,9631.90
13940805,9640.90
13940806,9644.70
13940809,9655.30
13940810,9684.00
13940811,9691.10
13940812,9695.50
13940813,9723.00
13940816,9713.90
13940817,9699.10
13940818,9718.70
13940819,9728.80
13940820,9748.60
13940823,9780.40
13940824,9825.30
13940825,9827.00
13940826,9804.70
13940827,9816.00
13940830,9825.50
13940901,9816.80
13940902,9801.80
13940903,9785.20
13940904,9776.30
13940907,9768.30
13940908,9756.20
13940909,9749.60
13940910,9724.60
13940914,9728.80
13940915,9679.50
13940916,9642.50
13940917,9631.10
13940918,9638.70
13940922,9624.70
13940923,9610.90
13940924,9625.00
13940925,9612.00
13940928,9515.40
13940929,9459.90
13940930,9445.80
13941001,9445.10
13941002,9467.50
13941005,9485.40
13941006,9560.00
13941007,9596.30
13941009,9651.60
13941012,9682.60
13941013,9743.70
13941014,9843.60
13941015,9994.40
13941016,10086.70
13941019,10078.40
13941020,10087.50
13941021,10197.20
13941022,10225.40
13941023,10275.10
13941026,10423.70
13941027,10397.10
13941028,10310.90
13941029,10472.90
13941030,10598.70
13941103,10761.40
13941104,10935.90
13941105,11112.20
13941106,11408.30
13941107,11413.30
13941110,11393.30
13941111,11383.30
13941112,11612.20
13941113,11807.70
13941114,11900.80
13941117,12102.50
13941118,12324.20
13941119,12562.30
13941120,12901.80
13941121,12865.40
13941124,12699.40
13941125,12648.00
13941126,12838.60
13941127,12828.00
13941128,12903.40
13941201,12882.30
13941202,12752.30
13941203,12863.50
13941204,12793.70
13941205,12745.60
13941208,12844.80
13941209,12804.60
13941210,12811.90
13941211,12831.90
13941212,12833.50
13941215,12913.40
13941216,12945.70
13941217,12937.10
13941218,12894.70
13941219,12919.60
13941222,13020.30
13941224,13140.60
13941225,13191.90
13941226,13356.70
13950107,13450.10
13950108,13462.30
13950109,13473.00
13950110,13470.00
13950111,13598.90
13950114,13600.10
13950115,13538.90
13950116,13624.30
13950117,13739.30
13950118,13801.20
13950121,13802.00
13950122,13813.30
13950123,13850.80
13950124,13819.90
13950125,13652.10
13950128,13375.40
13950129,13266.10
13950130,13443.40
13950131,13430.40
13950201,13421.70
13950204,13459.60
13950205,13535.80
13950206,13617.70
13950207,13621.30
13950208,13686.60
13950211,13714.90
13950212,13726.90
13950213,13742.30
13950214,13767.80
13950215,13807.20
13950218,13773.50
13950219,13721.80
13950220,13736.80
13950221,13717.10
13950222,13602.70
13950225,13646.00
13950226,13592.90
13950227,13616.50
13950228,13707.70
13950229,13740.80
13950301,13792.50
13950303,13838.40
13950304,13871.10
13950305,13887.30
13950308,13889.90
13950309,13861.40
13950310,13832.40
13950311,13765.30
13950312,13779.40
13950316,13838.80
13950317,13872.40
13950318,13858.80
13950319,13795.40
13950322,13638.40
13950323,13550.40
13950324,13576.90
13950325,13468.70
13950326,13502.10
13950329,13504.60
13950330,13413.50
13950331,13354.90
13950401,13400.80
13950402,13599.60
13950405,13588.50
13950406,13635.40
13950408,13774.70
13950409,13743.30
13950412,13743.40
13950413,13756.60
13950414,13714.70
13950415,13736.20
13950419,13711.20
13950420,13683.60
13950421,13684.20
13950422,13625.10
13950423,13642.40
13950426,13658.70
13950427,13689.80
13950428,13685.10
13950429,13752.00
13950430,13831.80
13950502,13900.80
13950503,13934.10
13950504,13945.40
13950505,13973.60
13950506,14058.90
13950510,14083.00
13950511,14082.50
13950512,14145.40
13950513,14255.50
13950516,14325.80
13950517,14387.30
13950518,14378.50
13950519,14385.70
13950520,14420.50
13950523,14446.10
13950524,14461.40
13950525,14447.20
13950526,14430.10
13950527,14458.80
13950530,14525.10
13950531,14524.10
13950601,14537.60
13950602,14494.00
13950603,14474.70
13950606,14464.50
13950607,14394.40
13950608,14375.30
13950609,14396.90
13950610,14370.40
13950613,14306.70
13950614,14249.40
13950615,14249.30
13950616,14313.50
13950617,14384.70
13950620,14351.30
13950621,14368.40
13950623,14431.40
13950624,14451.60
13950627,14455.60
13950628,14533.30
13950629,14562.40
13950631,14625.00
13950703,14774.10
13950704,14796.70
13950705,14883.20
13950706,14990.40
13950707,15060.00
13950710,15055.60
13950711,15050.20
13950712,15046.80
13950713,15066.20
13950714,15031.10
13950717,15008.50
13950718,15063.20
13950719,15135.10
13950724,15126.70
13950725,15087.40
13950726,15151.00
13950727,15225.60
13950728,15290.80
13950801,15371.20
13950802,15412.60
13950803,15486.50
13950804,15598.50
13950805,15715.00
13950808,15848.50
13950809,15804.70
13950810,15819.50
13950811,15727.20
13950812,15743.00
13950815,15765.50
13950816,15729.40
13950817,15851.20
13950818,15924.20
13950819,15585.90
13950822,15701.10
13950823,15789.70
13950824,15903.20
13950825,15906.00
13950826,15919.80
13950829,15959.00
13950901,15992.10
13950902,16027.50
13950903,16053.50
13950906,16082.50
13950907,16144.80
13950909,16172.50
13950913,16005.60
13950914,16020.80
13950915,16089.90
13950916,16120.00
13950917,16182.40
13950920,16180.80
13950921,16113.90
13950922,16062.60
13950923,16021.20
13950924,15969.50
13950928,15922.10
13950929,15815.70
13950930,15720.20
13951001,15797.00
13951004,15829.50
13951005,15816.10
13951006,15778.20
13951007,15704.60
13951008,15669.60
13951011,15640.30
13951012,15551.80
13951013,15532.70
13951014,15470.10
13951015,15420.20
13951018,15365.20
13951019,15325.30
13951020,15263.10
13951022,15275.90
13951025,15414.80
13951026,15447.50
13951027,15453.90
13951028,15503.80
13951029,15562.70
13951102,15515.70
13951103,15499.40
13951104,15557.00
13951105,15588.90
13951106,15630.70
13951109,15634.30
13951110,15669.10
13951111,15769.70
13951112,15739.60
13951113,15641.20
13951116,15490.90
13951117,15404.00
13951118,15436.40
13951119,15482.80
13951120,15484.80
13951123,15489.90
13951124,15497.40
13951125,15510.50
13951126,15540.70
13951127,15579.80
13951130,15651.30
13951201,15718.80
13951202,15760.00
13951203,15819.70
13951204,15831.30
13951207,15840.30
13951208,15817.50
13951209,15812.50
13951210,15791.80
13951211,15791.50
13951214,15688.10
13951215,15608.30
13951216,15557.10
13951217,15525.30
13951218,15429.10
13951221,15334.00
13951222,15354.40
13951223,15428.40
13951224,15526.80
13951225,15572.60
13951228,15722.80
13960105,15868.00
13960106,15926.20
13960107,15962.60
13960108,16059.30
13960109,16115.80
13960114,16218.90
13960115,16286.40
13960116,16392.50
13960119,16562.60
13960120,16701.50
13960121,16873.70
13960123,16931.00
13960126,17111.20
13960127,17090.40
13960128,17002.40
13960129,17003.70
13960130,17091.90
13960202,17344.10
13960203,17369.70
13960204,17445.30
13960206,17575.00
13960209,17585.70
13960210,17575.60
13960211,17601.20
13960212,17653.10
13960213,17707.60
13960216,17714.20
13960217,17691.90
13960218,17614.60
13960219,17468.70
13960220,17553.30
13960223,17489.50
13960224,17353.20
13960225,17323.60
13960226,17398.30
13960227,17421.50
13960230,17673.10
13960231,17631.70
13960301,17604.10
13960302,17658.00
13960303,17702.60
13960306,17608.70
13960307,17511.50
13960308,17472.70
13960309,17448.60
13960310,17486.20
13960313,17475.30
13960316,17434.50
13960317,17230.40
13960320,17239.10
13960321,17169.60
13960322,17110.50
13960323,17098.90
13960324,17184.20
13960327,17148.80
13960328,17005.80
13960329,16939.00
13960330,16963.80
13960331,16963.60
13960403,17014.30
13960404,17078.50
13960407,17115.70
13960410,17181.20
13960411,17160.40
13960412,17163.00
13960413,17166.60
13960414,17193.70
13960417,17227.50
13960418,17268.90
13960419,17323.20
13960420,17343.40
13960421,17344.10
13960424,17383.00
13960425,17367.20
13960426,17355.70
13960427,17390.80
13960428,17541.30
13960431,17669.40
13960501,17729.80
13960502,17796.70
13960503,17823.30
13960504,17819.60
13960507,17765.40
13960508,17777.80
13960509,17818.00
13960510,17810.40
13960511,17815.70
13960515,17846.10
13960516,17735.60
13960517,17678.90
13960518,17700.60
13960521,17653.60
13960522,17562.10
13960523,17536.40
13960524,17628.40
13960525,17625.10
13960528,17635.70
13960529,17655.80
13960530,17688.90
13960531,17703.40
13960601,17733.10
13960604,17750.10
13960605,17770.50
13960606,17838.10
13960607,17868.00
13960608,17895.20
13960611,17848.40
13960612,17777.30
13960613,17709.10
13960614,17688.40
13960615,17634.60
13960619,17573.50
13960620,17556.90
13960621,17540.80
13960622,17546.30
13960625,17589.50
13960626,17656.90
13960627,17773.40
13960628,17854.80
13960629,17951.00
13960701,17965.30
13960702,17954.40
13960703,17953.30
13960704,18001.10
13960705,18007.80
13960710,17876.30
13960711,17762.50
13960712,17769.90
13960715,17595.70
13960716,17328.30
13960717,17312.00
13960718,17347.10
13960719,17358.50
13960722,17486.10
13960723,17521.90
13960724,17582.40
13960725,17545.60
13960726,17503.30
13960729,17556.60
13960730,17576.10
13960801,17499.80
13960802,17481.00
13960803,17480.40
13960806,17460.30
13960807,17428.60
13960808,17440.10
13960809,17475.40
13960810,17525.20
13960813,17561.50
13960814,17616.20
13960815,17579.20
13960816,17551.80
13960817,17542.90
13960820,17531.60
13960821,17512.00
13960822,17521.30
13960823,17540.00
13960824,17547.60
13960827,17552.60
13960829,17536.40
13960830,17535.00
13960901,17562.90
13960904,17655.70
13960905,17632.60
13960907,17628.60
13960908,17622.90
13960911,17654.70
13960912,17646.50
13960913,17625.20
13960914,17624.60
13960918,17650.70
13960919,17674.30
13960920,17686.50
13960921,17736.50
13960922,17748.10
13960923,17748.00
13960924,17748.00
13960925,17823.70
13960926,17835.30
13960927,17812.50
13960928,17884.20
13960929,17888.30
13961002,17972.00
13961003,18008.90
13961004,17992.60
13961005,17934.80
13961006,17880.30
13961009,17662.00
13961010,17220.10
13961011,17270.70
13961012,17165.20
13961013,17043.40
13961016,17165.00
13961017,17306.40
13961018,17377.20
13961019,17308.70
13961020,17304.00
13961023,17399.10
13961024,17410.40
13961025,17410.90
13961026,17408.10
13961027,17439.70
13961030,17447.40
13961101,17342.40
13961102,17365.00
13961103,17439.40
13961104,17513.80
13961107,17538.10
13961108,17511.10
13961109,17497.00
13961110,17518.10
13961111,17472.20
13961114,17448.70
13961115,17509.40
13961116,17612.20
13961117,17578.80
13961118,17607.30
13961121,17550.70
13961123,17630.20
13961124,17605.10
13961125,17643.90
13961128,17648.90
13961129,17610.40
13961130,17584.20
13961202,17615.30
13961205,17612.90
13961206,17549.00
13961207,17554.20
13961208,17568.20
13961209,17620.70
13961212,17664.20
13961213,17608.60
13961214,17541.00
13961215,17429.20
13961216,17312.30
13961219,17243.30
13961220,17146.70
13961221,17155.30
13961222,17165.90
13961223,17114.10
13961226,17068.00
13961227,17149.70
13961228,17271.30
13970105,17295.30
13970106,17294.10
13970107,17287.50
13970108,17323.60
13970114,17344.30
13970115,17334.40
13970118,17272.80
13970119,17075.70
13970120,16920.20
13970121,16949.80
13970122,16763.30
13970126,16677.90
13970127,16664.90
13970128,16691.20
13970129,16734.80
13970201,16794.10
13970202,16757.20
13970203,16730.60
13970204,16805.00
13970205,16836.00
13970208,16711.30
13970209,16617.40
13970210,16613.40
13970211,16610.30
13970215,16526.80
13970216,16415.30
13970217,16501.70
13970218,16638.20
13970219,16496.90
13970222,16578.00
13970223,16774.10
13970224,17022.10
13970225,17116.00
13970226,17126.40
13970229,17237.10
13970230,17298.70
13970231,17296.10
13970301,17274.80
13970302,17336.10
13970305,17371.90
13970306,17361.00
13970307,17299.20
13970308,17247.30
13970309,17244.90
13970312,17279.80
13970313,17322.20
13970319,17389.90
13970320,17435.70
13970321,17446.90
13970322,17550.70
13970323,17889.60
13970327,18287.10
13970328,18350.90
13970329,18345.40
13970330,18519.70
13970402,18702.90
13970403,18942.00
13970404,19137.20
13970405,18922.60
13970406,18703.70
13970409,18747.00
13970410,18561.00
13970411,18625.40
13970412,18730.60
13970413,18705.10
13970416,18665.70
13970417,18592.10
13970419,18527.90
13970420,18332.20
13970423,18383.30
13970424,18348.00
13970425,18322.50
13970426,18326.10
13970427,18289.80
13970430,18404.30
13970431,18438.50
13970501,18282.90
13970502,18270.70
13970503,18282.20
13970504,18282.20
13970505,18282.20
13970506,18349.70
13970507,18345.60
13970508,18364.80
13970509,18830.80
13970510,18936.50
13970513,18784.60
13970514,18885.00
13970515,18942.50
13970516,18949.90
13970517,18913.30
13970520,18900.50
13970521,18978.00
13970522,19014.60
13970523,19091.90
13970524,19135.50
13970527,19421.10
13970528,19689.10
13970529,19905.90
13970530,20050.90
13970603,20436.60
13970604,20864.00
13970605,21090.70
13970606,21127.10
13970607,21355.10
13970610,21660.20
13970611,21628.50
13970612,21725.00
13970613,21976.80
13970614,22189.10
13970617,22798.30
13970618,23436.70
13970619,24134.00
13970620,24598.00
13970621,25341.80
13970624,25976.50
13970625,25855.00
13970626,26557.00
13970627,27104.10
13970631,27930.50
13970701,28724.40
13970702,29347.30
13970703,30417.60
13970704,31454.90
13970707,32618.10
13970708,33866.20
13970709,34007.30
13970710,33049.80
13970711,32226.40
13970714,31708.70
13970715,30805.50
13970716,30189.80
13970717,29988.80
13970718,29439.30
13970721,28740.10
13970722,28450.10
13970723,28717.60
13970724,29006.30
13970725,28684.30
13970728,29359.50
13970729,29312.60
13970730,28941.50
13970801,28329.50
13970802,27752.40
13970805,27381.40
13970806,27554.60
13970807,28096.80
13970809,28306.70
13970812,28126.60
13970813,27900.80
13970814,28250.00
13970815,28446.10
13970819,28495.50
13970820,28180.30
13970821,28482.20
13970822,28674.60
13970823,28544.10
13970826,28305.90
13970827,27751.90
13970828,27922.60
13970829,27977.40
13970830,28164.70
13970903,27967.50
13970905,27459.20
13970906,27499.60
13970907,27237.30
13970910,26622.80
13970911,26883.20
13970912,27176.50
13970913,27123.00
13970914,27441.40
13970917,27736.10
13970918,27755.00
13970919,27714.60
13970920,27714.30
13970921,27743.30
13970924,27652.20
13970925,27333.90
13970926,27179.20
13970927,26962.80
13970928,26636.80
13971001,26612.90
13971002,26910.30
13971003,27021.10
13971004,27012.80
13971005,27254.70
13971008,27474.70
13971009,27584.80
13971010,27767.90
13971011,27986.30
13971012,27935.90
13971015,27905.20
13971016,27924.10
13971017,28106.00
13971018,28255.40
13971019,28434.50
13971022,28626.40
13971023,28803.60
13971024,28983.80
13971025,29197.50
13971026,29291.80
13971029,29451.20
13971030,29335.00
13971101,28716.70
13971102,28985.40
13971103,29311.30
13971106,29483.10
13971107,29513.30
13971108,29514.30
13971109,29629.00
13971110,29835.70
13971113,29790.80
13971114,29305.00
13971115,29437.20
13971116,29428.30
13971117,29597.50
13971121,29692.50
13971123,29756.80
13971124,29717.00
13971127,29692.90
13971128,29460.80
13971129,29638.60
13971130,29756.40
13971201,29878.00
13971204,30153.00
13971205,30271.50
13971206,30402.50
13971207,30317.90
13971208,30614.90
13971211,30723.30
13971212,30877.30
13971213,30906.20
13971214,30823.90
13971215,30860.80
13971218,30843.50
13971219,31105.50
13971220,31322.70
13971221,31407.10
13971222,31589.20
13971225,31886.10
13971226,32158.40
13971227,32560.40
13971228,32968.70
13980105,33390.90
13980106,34034.10
13980107,34406.10
13980110,35084.10
13980111,35367.90
13980117,36028.00
13980118,36618.20
13980119,36743.50
13980120,37181.30
13980121,38177.50
13980124,38860.50
13980125,39112.50
13980126,39979.30
13980127,39734.70
13980128,39462.70
13980131,40652.60
13980202,40747.30
13980203,40590.60
13980204,41107.40
13980207,41858.80
13980208,42577.00
13980209,43476.70
13980210,43878.50
13980211,44651.40
13980214,45887.70
13980215,46101.00
13980216,44816.60
13980217,43264.80
13980218,43336.90
13980221,43926.90
13980222,43037.40
13980223,43882.30
13980224,45231.20
13980225,45737.70
13980228,46748.10
13980229,47148.30
13980230,46748.50
13980231,47534.90
13980301,48131.20
13980304,48443.80
13980305,49698.30
13980307,50801.00
13980308,51264.00
13980311,51131.90
13980312,52306.90
13980313,53600.10
13980318,54441.50
13980319,55976.20
13980320,56866.50
13980321,57259.10
13980322,58131.90
13980325,57972.60
13980326,58177.30
13980327,57335.60
13980328,57160.90
13980329,56261.30
13980401,55332.80
13980402,56440.90
13980403,57710.60
13980404,57996.30
13980405,58363.80
13980409,58590.40
13980410,58493.40
13980411,59206.80
13980412,59872.70
13980415,59508.60
13980416,60055.80
13980417,61316.60
13980418,61430.30
13980419,61809.40
13980422,61878.70
13980423,62304.80
13980424,61952.00
13980425,60085.00
13980426,59959.10
13980429,59742.30
13980430,60130.80
13980431,60369.20
13980501,59539.60
13980502,59945.20
13980505,60446.30
13980506,60675.30
13980507,60656.80
13980508,61200.20
13980509,62016.00
13980512,62612.90
13980513,63575.10
13980514,64542.10
13980515,64816.80
13980516,65331.30
13980519,65886.70
13980520,66443.00
13980522,67165.20
13980523,68272.70
13980526,68939.90
13980527,69320.60
13980528,70465.90
13980530,72125.40
13980602,73890.60
13980603,73720.80
13980604,75937.70
13980605,77068.10
13980606,76915.40
13980609,78098.40
13980610,78191.40
13980611,76998.40
13980612,77451.80
13980613,79204.00
13980616,80888.00
13980617,82112.70
13980620,83499.80
13980623,85206.20
13980624,85258.10
13980625,86859.20
13980626,86368.60
13980627,84247.40
13980630,85766.70
13980631,87852.40
13980701,90018.30
13980702,90351.00
13980703,91550.90
13980706,93964.60
13980707,94167.40
13980708,96196.50
13980709,96824.90
13980710,96407.90
13980713,97377.00
13980714,95424.20
13980715,95477.90
13980716,93055.40
13980717,91300.30
13980720,93061.10
13980721,92602.60
13980722,89747.60
13980723,86775.60
13980724,84648.40
13980728,82094.30
13980729,80425.40
13980730,81993.40
13980801,80824.20
13980804,80162.00
13980806,81948.70
13980808,84561.70
13980811,85096.10
13980812,86104.70
13980813,85316.30
13980814,85689.00
13980818,86251.90
13980819,85339.50
13980820,86113.70
13980821,87765.40
13980822,88451.90
13980825,88217.70
13980826,85436.80
13980827,85222.90
13980828,86802.10
13980829,87779.50
13980902,88615.80
13980903,89307.40
13980904,91469.60
13980905,92373.80
13980906,92881.20
13980909,94820.00
13980910,96517.80
13980911,96617.20
13980912,97475.10
13980913,99312.10
13980916,101062.00
13980917,102799.00
13980918,104179.00
13980919,105122.00
13980920,105201.00
13980923,107183.00
13980924,107731.00
13980925,108598.00
13980926,110243.00
13980927,110906.00
13980930,111891.00
13981001,112856.00
13981002,112604.00
13981003,113581.00
13981004,114298.00
13981007,117166.00
13981008,118170.00
13981009,120359.00
13981010,119970.00
13981011,121488.00
13981014,116690.00
13981015,113151.00
13981017,109600.00
13981018,108173.00
13981021,109974.00
13981022,114555.00
13981023,118924.00
13981024,120589.00
13981025,122016.00
13981028,126014.00
13981029,126787.00
13981030,128090.00
13981101,129420.00
13981102,131850.00
13981105,135541.00
13981106,137333.00
13981107,138235.00
13981108,139961.00
13981112,140201.00
13981113,141862.00
13981114,145542.00
13981115,145049.00
13981116,146571.00
13981119,147116.00
13981120,147472.00
13981121,145326.00
13981123,148930.00
13981126,150032.00
13981127,152458.00
13981128,152696.00
13981129,152187.00
13981130,155685.00
13981203,157219.00
13981204,163322.00
13981205,166233.00
13981206,170944.00
13981207,173298.00
13981210,169585.00
13981211,174470.00
13981212,178939.00
13981213,182996.00
13981214,186266.00
13981217,184501.00
13981219,180970.00
13981220,177929.00
13981221,178973.00
13981224,175731.00
13981225,172406.00
13981226,174668.00
13981227,173784.00
13981228,177080.00
13990105,178650.00
13990106,183478.00
13990109,188690.00
13990110,193974.00
13990111,195202.00
13990116,200892.00
13990117,204359.00
13990118,205021.00
13990119,209284.00
13990120,213791.00
13990123,215495.00
13990124,219754.00
13990125,219680.00
13990126,219152.00
13990127,225558.00
13990130,233526.00
13990131,238107.00
13990201,242263.00
13990202,246160.00
13990203,252056.00
13990206,261085.00
13990207,267461.00
13990208,271768.00
13990209,276644.00
13990210,285667.00
13990213,297958.00
13990214,310017.00
13990215,312075.00
13990216,310376.00
13990217,308134.00
13990220,319380.00
13990221,324873.00
13990222,324757.00
13990223,318217.00
13990224,316055.00
13990227,310164.00
13990228,306682.00
13990229,314451.00
13990230,321158.00
13990231,322025.00
13990303,318281.00
13990306,312466.00
13990307,312048.00
13990310,318896.00
13990311,318287.00
13990312,321410.00
13990313,330490.00
13990317,340846.00
13990318,353917.00
13990319,356649.00
13990320,359090.00
13990321,368095.00
13990324,378122.00
13990325,380575.00
13990326,389333.00
13990327,398750.00
13990331,409243.00
13990401,411210.00
13990402,419318.00
13990403,430443.00
13990404,432005.00
13990407,441614.00
13990408,440168.00
13990409,434752.00
13990410,453037.00
13990411,466345.00
13990414,464525.00
13990415,469920.00
13990416,483362.00
13990417,483000.00
13990418,478682.00
13990421,471273.00
13990422,485888.00
13990423,482360.00
13990424,480860.00
13990425,481194.00
13990428,487827.00
13990429,501196.00
13990430,512473.00
13990431,507609.00
13990501,503119.00
13990504,509745.00
13990505,507048.00
13990506,503122.00
13990507,506984.00
13990508,507191.00
13990511,518127.00
13990512,526885.00
13990513,525879.00
13990514,527618.00
13990515,531857.00
13990519,533445.00
13990520,524830.00
13990521,514412.00
13990522,512004.00
13990525,501187.00
13990526,490564.00
13990527,487751.00
13990528,491456.00
13990529,481797.00
13990601,474425.00
13990602,465120.00
13990603,456201.00
13990604,455860.00
13990605,466957.00
13990610,462506.00
13990611,455994.00
13990612,449380.00
13990615,445262.00
13990616,441792.00
13990617,436843.00
13990618,432251.00
13990619,426964.00
13990622,426535.00
13990623,423147.00
13990624,422889.00
13990625,428099.00
13990626,430201.00
13990629,427698.00
13990630,422085.00
13990631,415907.00
13990701,412879.00
13990702,413441.00
13990705,412469.00
13990706,407651.00
13990707,402262.00
13990708,398395.00
13990709,397574.00
13990712,400667.00
13990713,398704.00
13990714,396766.00
13990715,402125.00
13990716,407197.00
13990719,410513.00
13990720,418985.00
13990721,416438.00
13990722,414394.00
13990723,411957.00
13990727,406438.00
13990728,400650.00
13990729,394947.00
13990730,393880.00
13990803,389121.00
13990805,384337.00
13990806,380152.00
13990807,376969.00
13990810,378322.00
13990811,374939.00
13990812,372709.00
13990814,374884.00
13990817,371574.00
13990818,368874.00
13990819,366080.00
13990820,364884.00
13990821,365004.00
13990824,369533.00
13990825,369605.00
13990826,370149.00
13990827,374670.00
13990828,381274.00
13990901,383572.00
13990902,382691.00
13990903,387607.00
13990904,390577.00
13990905,395131.00
13990908,401530.00
13990909,410845.00
13990910,417792.00
13990911,419885.00
13990912,423167.00
13990915,431865.00
13990916,442082.00
13990917,442736.00
13990918,444393.00
13990919,450995.00
13990922,457131.00
13990923,456252.00
13990924,451888.00
13990925,441148.00
13990926,436394.00
13990929,445249.00
13990930,447838.00
13991001,452422.00
13991002,460404.00
13991003,468508.00
13991006,473424.00
13991007,472136.00
13991008,469139.00
13991009,465434.00
13991010,463708.00
13991013,455170.00
13991014,455700.00
13991015,462482.00
13991016,465381.00
13991017,460570.00
13991020,459810.00
13991021,466652.00
13991022,469359.00
13991023,463192.00
13991024,454819.00
13991027,444500.00
13991029,436883.00
13991030,430423.00
13991101,433130.00
13991104,440387.00
13991105,437572.00
13991106,432430.00
13991107,426870.00
13991108,424623.00
13991111,431968.00
13991112,431537.00
13991113,429628.00
13991114,427564.00
13991115,423148.00
13991118,415984.00
13991119,420969.00
13991120,420093.00
13991121,423059.00
13991125,435624.00
13991126,437102.00
13991127,437231.00
13991128,438034.00
13991129,438957.00
13991202,438323.00
13991203,437171.00
13991204,436093.00
13991205,435105.00
13991206,434396.00
13991209,433401.00
13991210,432391.00
13991211,431425.00
13991212,431632.00
13991213,431264.00
13991216,430943.00
13991217,430857.00
13991218,432050.00
13991219,432348.00
13991220,431823.00
13991223,433259.00
13991224,434291.00
13991225,434839.00
13991226,437932.00
13991227,439801.00
14000107,441834.00
14000108,442552.00
14000110,442839.00
14000111,442648.00
14000114,441120.00
14000115,439920.00
14000116,438977.00
14000117,438372.00
14000118,437114.00
14000121,436190.00
14000122,435371.00
14000123,434721.00
14000124,435244.00
14000125,434458.00
14000128,433360.00
14000129,432465.00
14000130,431772.00
14000131,431683.00
14000201,430077.00
14000204,429074.00
14000205,428142.00
14000206,427282.00
14000207,427463.00
14000208,427272.00
14000211,425679.00
14000212,424485.00
14000213,423026.00
14000215,422855.00
14000218,422018.00
14000219,420818.00
14000220,419064.00
14000221,419255.00
14000222,417870.00
14000225,414908.00
14000226,410710.00
14000227,406579.00
14000228,402817.00
14000229,396983.00
14000301,392154.00
14000302,388217.00
14000303,383220.00
14000304,382842.00
14000305,383150.00
14000308,385630.00
14000309,385531.00
14000310,382997.00
14000311,381376.00
14000312,382037.00
14000317,383826.00
14000318,383949.00
14000319,380746.00
14000322,378454.00
14000323,377229.00
14000324,376321.00
14000325,373371.00
14000326,370588.00
14000329,370801.00
14000330,369888.00
14000331,370028.00
14000401,373186.00
14000402,376880.00
14000405,380908.00
14000406,382367.00
14000407,382248.00
14000408,382529.00
14000409,384178.00
14000412,382850.00
14000413,382081.00
14000414,386469.00
14000415,391623.00
14000416,392585.00
14000419,392486.00
14000420,397600.00
14000421,400653.00
14000422,400341.00
14000423,401611.00
14000426,402587.00
14000427,400327.00
14000428,403073.00
14000504,404052.00
14000505,397903.00
14000506,396746.00
14000509,400919.00
14000510,402046.00
14000511,400920.00
14000512,400689.00
14000513,403254.00
14000516,404255.00
14000517,407790.00
14000518,412748.00
14000519,418168.00
14000520,422339.00
14000523,422689.00
14000524,428318.00
14000531,436030.00
14000601,440137.00
14000602,451219.00
14000603,456358.00
14000606,467506.00
14000607,467510.00
14000608,454359.00
14000609,446893.00
14000610,455372.00
14000613,464430.00
14000614,467022.00
14000615,469607.00
14000616,465347.00
14000617,466098.00
14000620,463345.00
14000621,450065.00
14000622,444002.00
14000623,451909.00
14000624,450466.00
14000627,439940.00
14000628,431015.00
14000629,432610.00
14000630,421518.00
14000631,415499.00
14000703,422943.00
14000704,420959.00
14000706,419549.00
14000707,420794.00
14000710,424827.00
14000711,422575.00
14000712,425492.00
14000714,427286.00
14000717,420580.00
14000718,414686.00
14000719,413758.00
14000720,401567.00
14000721,392777.00
14000724,402171.00
14000725,398310.00
14000726,393967.00
14000727,398346.00
14000728,397262.00
14000801,388084.00
14000803,380158.00
14000804,376519.00
14000805,376470.00
14000808,370424.00
14000809,359983.00
14000810,363104.00
14000811,366626.00
14000812,374341.00
14000815,386254.00
14000816,384692.00
14000817,384929.00
14000818,385771.00
14000819,391284.00
14000822,387950.00
14000823,388999.00
14000824,384875.00
14000825,383949.00
14000826,386764.00
14000829,383526.00
14000830,383326.00
14000901,386933.00
14000902,385041.00
14000903,383470.00
14000906,376895.00
14000907,374989.00
14000908,374175.00
14000909,372495.00
14000910,367561.00
14000913,362917.00
14000914,363342.00
14000915,363776.00
14000916,361141.00
14000917,363590.00
14000920,361495.00
14000921,355617.00
14000922,349198.00
14000923,345466.00
14000924,344509.00
14000927,346977.00
14000928,343495.00
14000929,343902.00
14000930,348209.00
14001001,357765.00
14001004,361907.00
14001005,360267.00
14001006,365384.00
14001007,367359.00
14001008,368099.00
14001011,363469.00
14001012,363519.00
14001013,363244.00
14001014,359982.00
14001015,359472.00
14001018,359138.00
14001019,353203.00
14001020,352111.00
14001021,353412.00
14001022,353768.00
14001025,350193.00
14001026,346479.00
14001027,345084.00
14001028,337029.00
14001029,335639.00
14001102,334189.00
14001103,328246.00
14001104,323974.00
14001105,317067.00
14001106,318756.00
14001109,325135.00
14001110,327759.00
14001111,330729.00
14001112,333280.00
14001113,333018.00
14001116,332709.00
14001117,326499.00
14001118,323987.00
14001119,325620.00
14001120,326248.00
14001123,326289.00
14001124,324862.00
14001125,325501.00
14001127,325282.00
14001130,325088.00
14001201,324426.00
14001202,327881.00
14001203,328659.00
14001204,330307.00
14001207,329517.00
14001208,330799.00
14001209,333947.00
14001211,334162.00
14001214,335801.00
14001215,338671.00
14001216,341512.00
14001217,340337.00
14001218,342690.00
14001221,339096.00
14001222,338735.00
14001223,338955.00
14001224,340174.00
14001225,342797.00
14001228,348268.00
14010106,350545.00
14010107,353577.00
14010108,360439.00
14010109,362926.00
14010110,365903.00
14010114,372703.00
14010115,373265.00
14010116,375828.00
14010117,377347.00
14010120,378075.00
14010121,383496.00
14010122,387041.00
14010123,380293.00
14010124,382964.00
14010127,387646.00
14010128,390986.00
14010129,397775.00
14010130,400575.00
14010131,401430.00
14010204,402405.00
14010205,405513.00
14010206,410312.00
14010207,411626.00
14010210,415106.00
14010211,419110.00
14010212,422473.00
14010217,426318.00
14010218,429011.00
14010219,426792.00
14010220,428869.00
14010221,438409.00
14010224,444647.00
14010225,444972.00
14010226,449224.00
14010227,447809.00
14010228,442623.00
14010231,440177.00
14010301,441505.00
14010302,432772.00
14010303,431228.00
14010304,436794.00
14010307,432542.00
14010308,424848.00
14010309,425199.00
14010310,428321.00
14010311,429657.00
14010316,420006.00
14010317,419065.00
14010318,421401.00
14010321,419866.00
14010322,421421.00
14010323,429160.00
14010324,429930.00
14010325,428932.00
14010328,425182.00
14010329,425360.00
14010330,426584.00
14010331,423457.00
14010401,422292.00
14010404,422660.00
14010405,417683.00
14010406,417294.00
14010407,421093.00
14010408,421481.00
14010411,417203.00
14010412,418365.00
14010413,420652.00
14010414,420976.00
14010415,418519.00
14010418,415830.00
14010420,409559.00
14010421,405474.00
14010422,407012.00
14010425,405576.00
14010426,402434.00
14010428,401677.00
14010429,403781.00
14010501,404485.00
14010502,400033.00
14010503,391131.00
14010504,388301.00
14010505,389468.00
14010508,387217.00
14010509,379976.00
14010510,380362.00
14010511,380589.00
14010512,384055.00
14010515,390143.00
14010518,390944.00
14010519,389602.00
14010522,395884.00
14010523,395447.00
14010524,397227.00
14010525,398623.00
14010526,399078.00
14010529,397411.00
14010530,396524.00
14010531,397296.00
14010601,402325.00
14010602,408250.00
14010605,410327.00
14010606,408557.00
14010607,410633.00
14010608,410776.00
14010609,411899.00
14010612,407973.00
14010613,408925.00
14010614,410375.00
14010615,410775.00
14010616,410325.00
14010619,405569.00
14010620,403025.00
14010621,402482.00
14010622,405256.00
14010623,404890.00
14010627,401910.00
14010628,400212.00
14010629,397910.00
14010630,395678.00
14010702,386517.00
14010704,388031.00
14010706,392498.00
14010709,386137.00
14010710,382112.00
14010711,381113.00
14010712,380349.00
14010716,381648.00
14010717,376020.00
14010718,375695.00
14010719,378879.00
14010720,380270.00
14010723,379571.00
14010724,376541.00
14010725,376221.00
14010726,377943.00
14010727,378594.00
14010730,378995.00
14010801,377696.00
14010802,373237.00
14010803,369667.00
14010804,361360.00
14010807,358140.00
14010808,356241.00
14010809,360816.00
14010810,365060.00
14010811,365750.00
14010814,374784.00
14010815,379862.00
14010816,393110.00
14010817,396200.00
14010818,397568.00
14010821,401907.00
14010822,401826.00
14010823,398816.00
14010824,399769.00
14010825,401466.00
14010828,397959.00
14010829,402855.00
14010830,404470.00
14010901,405485.00
14010902,407302.00
14010905,408102.00
14010906,408644.00
14010907,409684.00
14010908,412652.00
14010909,413115.00
14010912,413019.00
14010913,414091.00
14010914,414574.00
14010915,416190.00
14010916,417085.00
14010919,412831.00
14010920,414245.00
14010921,420384.00
14010922,430088.00
14010923,433763.00
14010926,436478.00
14010927,443961.00
14010928,443305.00
14010929,442398.00
14010930,445721.00
14011003,456274.00
14011004,462753.00
14011005,467054.00
14011007,480681.00
14011010,469007.00
14011011,464371.00
14011012,473135.00
14011013,475416.00
14011014,473199.00
14011017,482124.00
14011018,492439.00
14011019,496400.00
14011020,503636.00
14011021,504205.00
14011024,504905.00
14011025,504905.00
14011026,520332.00
14011027,523648.00
14011028,526187.00
14011101,521956.00
14011102,519937.00
14011103,522701.00
14011104,522993.00
14011105,512491.00
14011108,504201.00
14011109,484641.00
14011110,479638.00
14011111,486040.00
14011112,487557.00
14011116,480167.00
14011117,476250.00
14011118,484468.00
14011119,485565.00
14011123,480853.00
14011124,482778.00
14011125,479389.00
14011126,474779.00
14011130,476719.00
14011201,493155.00
14011202,507074.00
14011203,503202.00
14011206,525663.00
14011207,536372.00
14011208,534459.00
14011209,538794.00
14011210,537871.00
14011213,532991.00
14011214,537563.00
14011215,538270.00
14011216,545656.00
14011220,549260.00
14011221,539651.00
14011222,539105.00
14011223,541032.00
14011224,554189.00
14011227,575472.00
14011228,585249.00
14020105,592554.00
14020106,592495.00
14020107,598259.00
14020108,609998.00
14020109,622526.00
14020114,630724.00
14020115,637743.00
14020116,651067.00
14020119,676545.00
14020120,687897.00
14020121,687573.00
14020122,692945.00
14020126,719738.00
14020127,731157.00
14020128,740659.00
14020129,756665.00
14020130,760754.00
14020204,768487.00
14020205,781436.00
14020206,786495.00
14020209,800960.00
14020210,816526.00
14020211,824962.00
14020212,845396.00
14020213,855887.00
14020216,870409.00
14020217,840337.00
14020218,803326.00
14020219,782247.00
14020220,764753.00
14020223,734850.00
14020224,748604.00
14020225,752441.00
14020227,765087.00
14020230,760973.00
14020231,764056.00
14020301,776853.00
14020302,791140.00
14020303,792905.00
14020306,780812.00
14020307,754425.00
14020308,763009.00
14020309,773893.00
14020310,765508.00
14020313,771303.00
14020316,776414.00
14020317,776646.00
14020320,750812.00
14020321,748636.00
14020322,729745.00
14020323,730413.00
14020324,741364.00
14020327,743660.00
14020328,732659.00
14020329,738006.00
14020330,738865.00
14020331,746134.00
14020403,742961.00
14020404,750243.00
14020405,756181.00
14020406,750642.00
14020407,746639.00
14020410,746962.00
14020411,754897.00
14020412,763346.00
14020413,773298.00
14020414,776177.00
14020417,777462.00
14020418,770822.00
14020419,760857.00
14020420,746589.00
14020421,724716.00
14020424,728012.00
14020425,708496.00
14020426,687752.00
14020427,703182.00
14020428,712541.00
14020431,699939.00
14020501,702000.00
14020502,709541.00
14020503,710793.00
14020504,711243.00
14020507,711222.00
14020508,697384.00
14020509,699162.00
14020510,705916.00
14020514,717778.00
14020515,717002.00
14020516,719558.00
14020517,713537.00
14020518,713153.00
14020521,693857.00
14020522,691783.00
14020523,696321.00
14020524,687122.00
14020525,684940.00
14020528,677013.00
14020529,673579.00
14020530,674216.00
14020531,663229.00
14020601,667839.00
14020604,684879.00
14020605,700406.00
14020606,705137.00
14020607,707008.00
14020608,710508.00
14020611,711667.00
14020612,713639.00
14020613,720883.00
14020614,726460.00
14020618,716814.00
14020619,714665.00
14020620,715437.00
14020621,718635.00
14020622,718021.00
14020626,723179.00
14020627,723978.00
14020628,722437.00
14020629,721799.00
14020701,721787.00
14020703,716593.00
14020704,717386.00
14020705,718626.00
14020708,715304.00
14020709,710442.00
14020710,712733.00
14020712,715979.00
14020715,709267.00
14020716,683242.00
14020717,680968.00
14020718,685977.00
14020719,690415.00
14020722,680017.00
14020723,678701.00
14020724,686780.00
14020725,689941.00
14020726,682976.00
14020729,686243.00
14020730,690147.00
14020801,685905.00
14020802,676145.00
14020803,676725.00
14020806,653172.00
14020807,659004.00
14020808,670094.00
14020809,670214.00
14020810,660251.00
14020813,673007.00
14020814,678919.00
14020815,684835.00
14020816,696189.00
14020817,698762.00
14020820,699092.00
14020821,701019.00
14020822,705629.00
14020823,702146.00
14020824,702134.00
14020827,701931.00
14020828,703794.00
14020829,700528.00
14020830,703544.00
14020901,706224.00
14020904,705709.00
14020905,708630.00
14020906,710817.00
14020907,712065.00
14020908,720644.00
14020911,728711.00
14020912,731450.00
14020913,741389.00
14020914,747570.00
14020915,747296.00
14020918,744658.00
14020919,746447.00
14020920,750124.00
14020921,752118.00
14020922,752108.00
14020925,756161.00
14020927,764620.00
14020928,762898.00
14020929,761358.00
14021002,761785.00
14021003,761234.00
14021004,760623.00
14021005,755254.00
14021006,755296.00
14021009,759645.00
14021010,758313.00
14021011,757990.00
14021012,755945.00
14021013,756758.00
14021016,757097.00
14021017,760023.00
14021018,759579.00
14021019,758572.00
14021020,763211.00
14021023,764146.00
14021024,767983.00
14021025,766452.00
14021026,761640.00
14021027,762339.00
14021030,754333.00
14021101,744302.00
14021102,739774.00
14021103,724115.00
14021104,727964.00
14021107,733325.00
14021108,740437.00
14021109,738581.00
14021110,734414.00
14021111,732646.00
14021114,737528.00
14021115,736637.00
14021116,738092.00
14021117,738762.00
14021118,738654.00
14021121,739814.00
14021123,734799.00
14021124,732611.00
14021125,727628.00
14021128,721375.00
14021129,722715.00
14021130,727278.00
14021201,727089.00
14021202,726935.00
14021205,723179.00
14021207,712470.00
14021208,709252.00
14021209,714173.00
14021212,724654.00
14021213,740229.00
14021214,735782.00
14021215,739754.00
14021216,738641.00
14021219,739771.00
14021220,738800.00
14021221,737853.00
14021222,735945.00
14021223,732031.00
14021226,730215.00
14021227,733780.00
14021228,742576.00
14030105,758107.00
14030106,767065.00
14030107,767658.00
14030108,770440.00
14030111,770209.00
14030114,759824.00
14030115,759697.00
14030118,743433.00
14030119,741168.00
14030120,749577.00
14030121,751317.00
14030125,726216.00
14030126,723541.00
14030127,726000.00
14030128,723187.00
14030129,723566.00
14030201,744993.00
14030202,753388.00
14030203,757700.00
14030204,759005.00
14030205,763650.00
14030208,765044.00
14030209,757508.00
14030210,756822.00
14030211,750800.00
14030212,750844.00
